Workbook

Sheet Service Rates
A1: Drafting Studio — Service Rate Card
A2: 2D AutoCAD drafting — MEP, fire protection & lighting. Prices are starting rates in USD; see the Price Basis column for what each covers.
A3: Source: Drafting Studio service database. Generated 2026-09-09. 13 active services.
A5: # | B5: Service | C5: Category | D5: Also listed under | E5: Disciplines | F5: Turnaround (days) | G5: Starting price (USD) | H5: Price basis
A6: 1 | B6: Electrical System Design | C6: Electrical Design | D6: — | E6: Electrical | F6: 5 | G6: 450 | H6: Per floor, up to 10,000 sq ft. Larger areas quoted on scope.
A7: 2 | B7: Site Electrical Plan | C7: Electrical Design | D7: — | E7: Electrical | F7: 5 | G7: 400 | H7: Per site plan. Complex utility coordination quoted separately.
A8: 3 | B8: Single Line Diagram | C8: Electrical Design | D8: — | E8: Electrical | F8: 3 | G8: 250 | H8: Per single line diagram. Multi-service buildings quoted on scope.
A9: 4 | B9: Power Upgrade | C9: Electrical Design | D9: — | E9: Electrical | F9: 5 | G9: 550 | H9: Per service upgrade. Multi-meter and multi-tenant buildings quoted on scope.
A10: 5 | B10: Lighting Design | C10: Electrical Design | D10: — | E10: Lighting | F10: 5 | G10: 400 | H10: Per floor up to 10,000 sq ft. Fixtures specified by client or per allowance.
A11: 6 | B11: Photometric Design | C11: Electrical Design | D11: Calculations & Reports | E11: Lighting | F11: 5 | G11: 500 | H11: Per area up to 15,000 sq ft. Delivered per IES standards.
A12: 7 | B12: Fire Alarm System Design | C12: Electrical Design | D12: Fire Protection | E12: Electrical, Fire Protection | F12: 6 | G12: 500 | H12: Per floor up to 12,000 sq ft. Voice/mass-notification quoted separately.
A13: 8 | B13: Mechanical Design | C13: Mechanical Design | D13: — | E13: HVAC, Plumbing | F13: 6 | G13: 600 | H13: Combined HVAC + plumbing scope; per floor up to 10,000 sq ft.
A14: 9 | B14: HVAC Design | C14: Mechanical Design | D14: — | E14: HVAC | F14: 6 | G14: 500 | H14: Per floor up to 10,000 sq ft. Load calc available as add-on.
A15: 10 | B15: Plumbing Design | C15: Mechanical Design | D15: — | E15: Plumbing | F15: 6 | G15: 500 | H15: Per floor up to 10,000 sq ft.
A16: 11 | B16: Sprinkler Layout Plan | C16: Fire Protection | D16: — | E16: Fire Protection | F16: 6 | G16: 500 | H16: Per floor up to 12,000 sq ft.
A17: 12 | B17: Electrical Load Calculation | C17: Calculations & Reports | D17: — | E17: Electrical | F17: 4 | G17: 300 | H17: Per service / building. Multi-tenant quoted per scope.
A18: 13 | B18: HVAC Heating & Cooling Load | C18: Calculations & Reports | D18: — | E18: HVAC | F18: 4 | G18: 350 | H18: Per zone/building up to 10,000 sq ft. Larger scopes quoted.
B19: Summary | F19: =ROUND(AVERAGE(F6:F18),1) | G19: =ROUND(AVERAGE(G6:G18),0) | H19: Average across all services
B20: Lowest / highest | F20: =MIN(F6:F18) | G20: =MIN(G6:G18) | H20: ="Range: $"&MIN(G6:G18)&" to $"&MAX(G6:G18)&" — "&MIN(F6:F18)&" to "&MAX(F6:F18)&" days"
B22: Note: "Starting price" is the from-price shown on the website. Final quotes depend on scope, area and jurisdiction.

Sheet By Category
A1: Rates by category
A3: Category | B3: Services | C3: Avg starting price | D3: Combined starting price | E3: Avg turnaround (days)
A4: Electrical Design | B4: =COUNTIFS('Service Rates'!$C$6:$C$18,A4) | C4: =ROUND(AVERAGEIFS('Service Rates'!$G$6:$G$18,'Service Rates'!$C$6:$C$18,A4),0) | D4: =SUMIFS('Service Rates'!$G$6:$G$18,'Service Rates'!$C$6:$C$18,A4) | E4: =ROUND(AVERAGEIFS('Service Rates'!$F$6:$F$18,'Service Rates'!$C$6:$C$18,A4),1)
A5: Mechanical Design | B5: =COUNTIFS('Service Rates'!$C$6:$C$18,A5) | C5: =ROUND(AVERAGEIFS('Service Rates'!$G$6:$G$18,'Service Rates'!$C$6:$C$18,A5),0) | D5: =SUMIFS('Service Rates'!$G$6:$G$18,'Service Rates'!$C$6:$C$18,A5) | E5: =ROUND(AVERAGEIFS('Service Rates'!$F$6:$F$18,'Service Rates'!$C$6:$C$18,A5),1)
A6: Fire Protection | B6: =COUNTIFS('Service Rates'!$C$6:$C$18,A6) | C6: =ROUND(AVERAGEIFS('Service Rates'!$G$6:$G$18,'Service Rates'!$C$6:$C$18,A6),0) | D6: =SUMIFS('Service Rates'!$G$6:$G$18,'Service Rates'!$C$6:$C$18,A6) | E6: =ROUND(AVERAGEIFS('Service Rates'!$F$6:$F$18,'Service Rates'!$C$6:$C$18,A6),1)
A7: Calculations & Reports | B7: =COUNTIFS('Service Rates'!$C$6:$C$18,A7) | C7: =ROUND(AVERAGEIFS('Service Rates'!$G$6:$G$18,'Service Rates'!$C$6:$C$18,A7),0) | D7: =SUMIFS('Service Rates'!$G$6:$G$18,'Service Rates'!$C$6:$C$18,A7) | E7: =ROUND(AVERAGEIFS('Service Rates'!$F$6:$F$18,'Service Rates'!$C$6:$C$18,A7),1)
A8: All services | B8: =SUM(B4:B7) | C8: =ROUND(AVERAGE('Service Rates'!$G$6:$G$18),0) | D8: =SUM('Service Rates'!$G$6:$G$18) | E8: =ROUND(AVERAGE('Service Rates'!$F$6:$F$18),1)
A10: Counts use each service's primary category. Cross-listed services are counted once, under their primary category.
